{
  "project_info": {
    "project_number": "798388991060",
    "firebase_url": "https://expense-tracker-90d5b.firebaseio.com",
    "project_id": "expense-tracker-90d5b",
    "storage_bucket": "expense-tracker-90d5b.appspot.com"
  },
  "client": [
    {
      "client_info": {
        "mobilesdk_app_id": "1:798388991060:android:ecd6f770269c65e226a9c1",
        "android_client_info": {
          "package_name": "android.example.expensetracker"
        }
      },
      "oauth_client": [
        {
          "client_id": "798388991060-56t2rd3devebctke5nshtaoq7nibk6u4.apps.googleusercontent.com",
          "client_type": 1,
          "android_info": {
            "package_name": "android.example.expensetracker",
            "certificate_hash": "6fb8ab1b3a32290a1cd2ab5d27ec1d4c6dafe150"
          }
        },
        {
          "client_id": "798388991060-vmf71p8gucjnho0631hevo9rq3nmot2u.apps.googleusercontent.com",
          "client_type": 3
        }
      ],
      "api_key": [
        {
          "current_key": "AIzaSyCxNpkjcdw-F-CQNL7oHNMaZLsMkuJfD0E"
        }
      ],
      "services": {
        "appinvite_service": {
          "other_platform_oauth_client": [
            {
              "client_id": "798388991060-vmf71p8gucjnho0631hevo9rq3nmot2u.apps.googleusercontent.com",
              "client_type": 3
            }
          ]
        }
      }
    }
  ],
  "configuration_version": "1"
}